source,tag,model,n_params_approx,baseline_ppl,compressed_ppl,ratio,gptq_ref,margin_vs_gptq,beats_gptq,angular,bit_budget_bpw,block_cov,cone_aware,dampening,device_map,group_dim,group_size,hadamard,hessian_batches,ip_metric,lloyd_max,max_memory_headroom_gib,max_memory_per_gpu,niter,qjl,qjl_n_projections,rank,residual_bits,strict_sequential,tangent,use_compensation,whitening
results_v6\baseline_upgrade\best_qwen2.5-0.5b.json,best_qwen2.5-0.5b,qwen2.5-0.5B,4.94e+08,14.9356,17.5323,1.17386,1.1407,-0.033162,0,0,4.2875,0,0,0.05,,0,128,0,1,0,0,,,,0,0,8,4,1,0,1,
results_v6\baseline_upgrade\best_tinyllama-1.1b.json,best_tinyllama-1.1b,tinyllama-1.1B,1.1e+09,9.4244,10.0385,1.06515,1.0807,0.015546,1,0,4.2875,0,0,0.05,,0,128,0,1,0,0,,,,0,0,8,4,1,0,1,
results_v6\baseline_upgrade\ref_baseline.json,ref_baseline,smollm-135M,1.35e+08,21.3072,25.8807,1.21464,1.1761,-0.038545,0,0,4.2875,0,0,0.01,,0,128,0,1,0,0,,,,0,0,8,4,0,0,1,
results_v6\baseline_upgrade\strict_gptq.json,strict_gptq,smollm-135M,1.35e+08,21.3072,26.031,1.2217,1.1761,-0.045599,0,0,4.2875,0,0,0.01,,0,128,0,1,0,0,,,,0,0,8,4,1,0,1,
results_v6\baseline_upgrade\strict_gptq_damp0001.json,strict_gptq_damp0001,smollm-135M,1.35e+08,21.3072,27.9743,1.3129,1.1761,-0.136803,0,0,4.2875,0,0,0.001,,0,128,0,1,0,0,,,,0,0,8,4,1,0,1,
results_v6\baseline_upgrade\strict_gptq_damp005.json,strict_gptq_damp005,smollm-135M,1.35e+08,21.3072,24.9779,1.17228,1.1761,0.003824,1,0,4.2875,0,0,0.05,,0,128,0,1,0,0,,,,0,0,8,4,1,0,1,
results_v6\baseline_upgrade\strict_gptq_damp01.json,strict_gptq_damp01,smollm-135M,1.35e+08,21.3072,25.1383,1.1798,1.1761,-0.003702,0,0,4.2875,0,0,0.1,,0,128,0,1,0,0,,,,0,0,8,4,1,0,1,
results_v6\baseline_upgrade\strict_gptq_gd1.json,strict_gptq_gd1,smollm-135M,1.35e+08,21.3072,31.1833,1.46351,1.1761,-0.287411,0,0,4.2875,0,0,0.01,,1,128,0,1,0,0,,,,0,0,8,4,1,0,1,
results_v6\baseline_upgrade\strict_gptq_gd1_d0001.json,strict_gptq_gd1_d0001,smollm-135M,1.35e+08,21.3072,33.7544,1.58418,1.1761,-0.408077,0,0,4.2875,0,0,0.001,,1,128,0,1,0,0,,,,0,0,8,4,1,0,1,
results_v6\niter_test\niter10_rep0_seed42.json,niter10_rep0_seed42,tinyllama-1.1B,1.1e+09,9.4244,9.9694,1.05783,1.0807,0.022874,1,0,4.2875,0,0,0.1,,0,128,0,1,0,0,,,10,0,0,8,4,0,0,1,
results_v6\niter_test\niter10_rep1_seed43.json,niter10_rep1_seed43,tinyllama-1.1B,1.1e+09,9.4244,10.0459,1.06594,1.0807,0.014755,1,0,4.2875,0,0,0.1,,0,128,0,1,0,0,,,10,0,0,8,4,0,0,1,
results_v6\niter_test\niter10_rep2_seed44.json,niter10_rep2_seed44,tinyllama-1.1B,1.1e+09,9.4244,9.9827,1.05924,1.0807,0.02146,1,0,4.2875,0,0,0.1,,0,128,0,1,0,0,,,10,0,0,8,4,0,0,1,
results_v6\niter_test\niter20_rep0_seed42.json,niter20_rep0_seed42,tinyllama-1.1B,1.1e+09,9.4244,10.0708,1.06858,1.0807,0.012119,1,0,4.2875,0,0,0.1,,0,128,0,1,0,0,,,20,0,0,8,4,0,0,1,
results_v6\niter_test\niter20_rep1_seed43.json,niter20_rep1_seed43,tinyllama-1.1B,1.1e+09,9.4244,10.0341,1.06469,1.0807,0.016007,1,0,4.2875,0,0,0.1,,0,128,0,1,0,0,,,20,0,0,8,4,0,0,1,
results_v6\niter_test\niter20_rep2_seed44.json,niter20_rep2_seed44,tinyllama-1.1B,1.1e+09,9.4244,10.0393,1.06524,1.0807,0.015458,1,0,4.2875,0,0,0.1,,0,128,0,1,0,0,,,20,0,0,8,4,0,0,1,
results_v6\niter_test\niter5_rep0_seed42.json,niter5_rep0_seed42,tinyllama-1.1B,1.1e+09,9.4244,9.9756,1.05848,1.0807,0.022215,1,0,4.2875,0,0,0.1,,0,128,0,1,0,0,,,5,0,0,8,4,0,0,1,
results_v6\niter_test\niter5_rep1_seed43.json,niter5_rep1_seed43,tinyllama-1.1B,1.1e+09,9.4244,9.9707,1.05796,1.0807,0.022737,1,0,4.2875,0,0,0.1,,0,128,0,1,0,0,,,5,0,0,8,4,0,0,1,
results_v6\niter_test\niter5_rep2_seed44.json,niter5_rep2_seed44,tinyllama-1.1B,1.1e+09,9.4244,9.9831,1.05928,1.0807,0.021418,1,0,4.2875,0,0,0.1,,0,128,0,1,0,0,,,5,0,0,8,4,0,0,1,
results_v6\patch_turbo_weights\ref_baseline_hadamard.json,ref_baseline_hadamard,smollm-135M,1.35e+08,21.3072,47.5369,2.23103,1.1761,-1.05493,0,0,4.2875,0,0,0.01,,0,128,1,1,0,0,,,,0,0,8,4,0,0,1,
results_v6\patch_turbo_weights\step2_patch4_ip.json,step2_patch4_ip,smollm-135M,1.35e+08,21.3072,26.4806,1.2428,1.1761,-0.066701,0,0,4.2875,0,0,0.01,,0,128,0,1,1,0,,,,0,0,8,4,0,0,1,
results_v6\patch_turbo_weights\step3_patch3_lloydmax.json,step3_patch3_lloydmax,smollm-135M,1.35e+08,21.3072,28.6655,1.34535,1.1761,-0.169245,0,0,4.2875,0,0,0.01,,0,128,1,1,0,1,,,,0,0,8,4,0,0,1,
results_v6\patch_turbo_weights\step4_patch5_cone.json,step4_patch5_cone,smollm-135M,1.35e+08,21.3072,45.8501,2.15186,1.1761,-0.975758,0,0,4.2875,0,1,0.01,,0,128,1,1,0,0,,,,0,0,8,4,0,0,1,
results_v6\patch_turbo_weights\step5_patch2_qjl.json,step5_patch2_qjl,smollm-135M,1.35e+08,21.3072,267228,12541.7,1.1761,-12540.5,0,0,4.2875,0,0,0.01,,0,128,0,1,0,0,,,,1,0,8,4,0,0,1,
results_v6\patch_turbo_weights\step6_combo_3_5.json,step6_combo_3_5,smollm-135M,1.35e+08,21.3072,28.8317,1.35314,1.1761,-0.177044,0,0,4.2875,0,1,0.01,,0,128,1,1,0,1,,,,0,0,8,4,0,0,1,
results_v6\patch_turbo_weights\step7_combo_3_5_2.json,step7_combo_3_5_2,smollm-135M,1.35e+08,21.3072,74909.5,3515.69,1.1761,-3514.51,0,0,4.2875,0,1,0.01,,0,128,1,1,0,1,,,,1,0,8,4,0,0,1,
results_v6\patch_turbo_weights\step9_best_qwen2.5-0.5b.json,step9_best_qwen2.5-0.5b,qwen2.5-0.5B,4.94e+08,14.9356,18.4088,1.23255,1.1407,-0.091847,0,0,4.2875,0,0,0.01,,0,128,0,1,0,0,,,,0,0,8,4,0,0,1,
results_v6\patch_turbo_weights\step9_best_tinyllama-1.1b.json,step9_best_tinyllama-1.1b,tinyllama-1.1B,1.1e+09,9.4244,10.2621,1.08889,1.0807,-0.008185,0,0,4.2875,0,0,0.01,,0,128,0,1,0,0,,,,0,0,8,4,0,0,1,
results_v6\scale_test\qwen2.5-3b\block_damp005_rep0_seed42.json,"qwen2.5-3b_{'strict_sequential': False, 'dampening': 0.05}_42",qwen2.5-3b,,8.9756,9.8049,1.09239,1.0855,-0.006892,0,0,4.2875,0,0,0.05,,0,128,0,1,0,0,3,,5,0,0,8,4,0,0,1,0
results_v6\scale_test\qwen2.5-3b\block_damp005_rep1_seed43.json,"qwen2.5-3b_{'strict_sequential': False, 'dampening': 0.05}_43",qwen2.5-3b,,8.9756,9.6228,1.07211,1.0855,0.013387,1,0,4.2875,0,0,0.05,,0,128,0,1,0,0,3,,5,0,0,8,4,0,0,1,0
results_v6\scale_test\qwen2.5-3b\block_damp005_rep2_seed44.json,"qwen2.5-3b_{'strict_sequential': False, 'dampening': 0.05}_44",qwen2.5-3b,,8.9756,9.7496,1.08624,1.0855,-0.000741,0,0,4.2875,0,0,0.05,,0,128,0,1,0,0,3,,5,0,0,8,4,0,0,1,0
results_v6\scale_test\qwen2.5-3b\block_damp01_rep0_seed42.json,"qwen2.5-3b_{'strict_sequential': False, 'dampening': 0.1}_42",qwen2.5-3b,,8.9756,9.7734,1.08889,1.0855,-0.003391,0,0,4.2875,0,0,0.1,,0,128,0,1,0,0,3,,5,0,0,8,4,0,0,1,0
results_v6\scale_test\qwen2.5-3b\block_damp01_rep1_seed43.json,"qwen2.5-3b_{'strict_sequential': False, 'dampening': 0.1}_43",qwen2.5-3b,,8.9756,9.5961,1.06913,1.0855,0.016367,1,0,4.2875,0,0,0.1,,0,128,0,1,0,0,3,,5,0,0,8,4,0,0,1,0
results_v6\scale_test\qwen2.5-3b\block_damp01_rep2_seed44.json,"qwen2.5-3b_{'strict_sequential': False, 'dampening': 0.1}_44",qwen2.5-3b,,8.9756,9.7117,1.08202,1.0855,0.003482,1,0,4.2875,0,0,0.1,,0,128,0,1,0,0,3,,5,0,0,8,4,0,0,1,0
results_v6\scale_test\qwen2.5-3b\strict_damp004_rep0_seed42.json,"qwen2.5-3b_{'strict_sequential': True, 'dampening': 0.04}_42",qwen2.5-3b,,8.9756,9.8694,1.09958,1.0855,-0.014084,0,0,4.2875,0,0,0.04,,0,128,0,1,0,0,3,,5,0,0,8,4,1,0,1,0
results_v6\scale_test\qwen2.5-3b\strict_damp004_rep1_seed43.json,"qwen2.5-3b_{'strict_sequential': True, 'dampening': 0.04}_43",qwen2.5-3b,,8.9756,9.7075,1.08155,1.0855,0.003951,1,0,4.2875,0,0,0.04,,0,128,0,1,0,0,3,,5,0,0,8,4,1,0,1,0
results_v6\scale_test\qwen2.5-3b\strict_damp004_rep2_seed44.json,"qwen2.5-3b_{'strict_sequential': True, 'dampening': 0.04}_44",qwen2.5-3b,,8.9756,9.7103,1.08186,1.0855,0.003638,1,0,4.2875,0,0,0.04,,0,128,0,1,0,0,3,,5,0,0,8,4,1,0,1,0
results_v6\scale_test\qwen2.5-3b\strict_damp005_rep0_seed42.json,"qwen2.5-3b_{'strict_sequential': True, 'dampening': 0.05}_42",qwen2.5-3b,,8.9756,9.8638,1.09895,1.0855,-0.013457,0,0,4.2875,0,0,0.05,,0,128,0,1,0,0,3,,5,0,0,8,4,1,0,1,0
results_v6\scale_test\qwen2.5-3b\strict_damp005_rep1_seed43.json,"qwen2.5-3b_{'strict_sequential': True, 'dampening': 0.05}_43",qwen2.5-3b,,8.9756,9.6723,1.07763,1.0855,0.007872,1,0,4.2875,0,0,0.05,,0,128,0,1,0,0,3,,5,0,0,8,4,1,0,1,0
results_v6\scale_test\qwen2.5-3b\strict_damp005_rep2_seed44.json,"qwen2.5-3b_{'strict_sequential': True, 'dampening': 0.05}_44",qwen2.5-3b,,8.9756,9.8648,1.09907,1.0855,-0.01357,0,0,4.2875,0,0,0.05,,0,128,0,1,0,0,3,,5,0,0,8,4,1,0,1,0
results_v6\scale_test\qwen2.5-3b\strict_damp006_rep0_seed42.json,"qwen2.5-3b_{'strict_sequential': True, 'dampening': 0.06}_42",qwen2.5-3b,,8.9756,9.8495,1.09737,1.0855,-0.01187,0,0,4.2875,0,0,0.06,,0,128,0,1,0,0,3,,5,0,0,8,4,1,0,1,0
results_v6\scale_test\qwen2.5-3b\strict_damp006_rep1_seed43.json,"qwen2.5-3b_{'strict_sequential': True, 'dampening': 0.06}_43",qwen2.5-3b,,8.9756,9.7031,1.08105,1.0855,0.004445,1,0,4.2875,0,0,0.06,,0,128,0,1,0,0,3,,5,0,0,8,4,1,0,1,0
results_v6\scale_test\qwen2.5-3b\strict_damp006_rep2_seed44.json,"qwen2.5-3b_{'strict_sequential': True, 'dampening': 0.06}_44",qwen2.5-3b,,8.9756,9.6987,1.08056,1.0855,0.004937,1,0,4.2875,0,0,0.06,,0,128,0,1,0,0,3,,5,0,0,8,4,1,0,1,0
results_v6\scale_test\qwen3-4b\block_damp005_rep0_seed42.json,"qwen3-4b_{'strict_sequential': False, 'dampening': 0.05}_42",qwen3-4b,,15.8522,17.2535,1.0884,1.09164,0.00324,1,0,4.2875,0,0,0.05,,0,128,0,1,0,0,3,,5,0,0,8,4,0,0,1,0
results_v6\scale_test\qwen3-4b\block_damp005_rep1_seed43.json,"qwen3-4b_{'strict_sequential': False, 'dampening': 0.05}_43",qwen3-4b,,15.8522,17.5099,1.10457,1.09164,-0.012932,0,0,4.2875,0,0,0.05,,0,128,0,1,0,0,3,,5,0,0,8,4,0,0,1,0
results_v6\scale_test\qwen3-4b\block_damp005_rep2_seed44.json,"qwen3-4b_{'strict_sequential': False, 'dampening': 0.05}_44",qwen3-4b,,15.8522,16.3018,1.02836,1.09164,0.063277,1,0,4.2875,0,0,0.05,,0,128,0,1,0,0,3,,5,0,0,8,4,0,0,1,0
results_v6\scale_test\qwen3-4b\block_damp01_rep0_seed42.json,"qwen3-4b_{'strict_sequential': False, 'dampening': 0.1}_42",qwen3-4b,,15.8522,16.745,1.05632,1.09164,0.035314,1,0,4.2875,0,0,0.1,,0,128,0,1,0,0,3,,5,0,0,8,4,0,0,1,0
results_v6\scale_test\qwen3-4b\block_damp01_rep1_seed43.json,"qwen3-4b_{'strict_sequential': False, 'dampening': 0.1}_43",qwen3-4b,,15.8522,16.9893,1.07173,1.09164,0.019908,1,0,4.2875,0,0,0.1,,0,128,0,1,0,0,3,,5,0,0,8,4,0,0,1,0
results_v6\scale_test\qwen3-4b\block_damp01_rep2_seed44.json,"qwen3-4b_{'strict_sequential': False, 'dampening': 0.1}_44",qwen3-4b,,15.8522,16.973,1.0707,1.09164,0.020935,1,0,4.2875,0,0,0.1,,0,128,0,1,0,0,3,,5,0,0,8,4,0,0,1,0
results_v6\scale_test\qwen3-4b\strict_damp004_rep0_seed42.json,"qwen3-4b_{'strict_sequential': True, 'dampening': 0.04}_42",qwen3-4b,,15.8522,16.6264,1.04884,1.09164,0.042799,1,0,4.2875,0,0,0.04,,0,128,0,1,0,0,3,,5,0,0,8,4,1,0,1,0
results_v6\scale_test\qwen3-4b\strict_damp004_rep1_seed43.json,"qwen3-4b_{'strict_sequential': True, 'dampening': 0.04}_43",qwen3-4b,,15.8522,17.7123,1.11734,1.09164,-0.025705,0,0,4.2875,0,0,0.04,,0,128,0,1,0,0,3,,5,0,0,8,4,1,0,1,0
results_v6\scale_test\qwen3-4b\strict_damp004_rep2_seed44.json,"qwen3-4b_{'strict_sequential': True, 'dampening': 0.04}_44",qwen3-4b,,15.8522,17.7223,1.11797,1.09164,-0.026336,0,0,4.2875,0,0,0.04,,0,128,0,1,0,0,3,,5,0,0,8,4,1,0,1,0
results_v6\scale_test\qwen3-4b\strict_damp005_rep0_seed42.json,"qwen3-4b_{'strict_sequential': True, 'dampening': 0.05}_42",qwen3-4b,,15.8522,16.527,1.04257,1.09164,0.049067,1,0,4.2875,0,0,0.05,,0,128,0,1,0,0,3,,5,0,0,8,4,1,0,1,0
results_v6\scale_test\qwen3-4b\strict_damp005_rep1_seed43.json,"qwen3-4b_{'strict_sequential': True, 'dampening': 0.05}_43",qwen3-4b,,15.8522,17.0006,1.07244,1.09164,0.019195,1,0,4.2875,0,0,0.05,,0,128,0,1,0,0,3,,5,0,0,8,4,1,0,1,0
results_v6\scale_test\qwen3-4b\strict_damp005_rep2_seed44.json,"qwen3-4b_{'strict_sequential': True, 'dampening': 0.05}_44",qwen3-4b,,15.8522,17.5826,1.10916,1.09164,-0.017522,0,0,4.2875,0,0,0.05,,0,128,0,1,0,0,3,,5,0,0,8,4,1,0,1,0
results_v6\scale_test\qwen3-4b\strict_damp006_rep0_seed42.json,"qwen3-4b_{'strict_sequential': True, 'dampening': 0.06}_42",qwen3-4b,,15.8522,16.9475,1.06909,1.09164,0.022541,1,0,4.2875,0,0,0.06,,0,128,0,1,0,0,3,,5,0,0,8,4,1,0,1,0
results_v6\scale_test\qwen3-4b\strict_damp006_rep1_seed43.json,"qwen3-4b_{'strict_sequential': True, 'dampening': 0.06}_43",qwen3-4b,,15.8522,17.2107,1.08569,1.09164,0.005943,1,0,4.2875,0,0,0.06,,0,128,0,1,0,0,3,,5,0,0,8,4,1,0,1,0
results_v6\scale_test\qwen3-4b\strict_damp006_rep2_seed44.json,"qwen3-4b_{'strict_sequential': True, 'dampening': 0.06}_44",qwen3-4b,,15.8522,17.0992,1.07866,1.09164,0.012975,1,0,4.2875,0,0,0.06,,0,128,0,1,0,0,3,,5,0,0,8,4,1,0,1,0
results_v6\stat_grid\block_damp005_rep0_seed42.json,block_damp005_rep0_seed42,smollm-135M,1.35e+08,21.3072,25.1835,1.18192,1.1761,-0.005824,0,0,4.2875,0,0,0.05,,0,128,0,1,0,0,,,,0,0,8,4,0,0,1,
results_v6\stat_grid\block_damp005_rep1_seed43.json,block_damp005_rep1_seed43,smollm-135M,1.35e+08,21.3072,25.4708,1.19541,1.1761,-0.01931,0,0,4.2875,0,0,0.05,,0,128,0,1,0,0,,,,0,0,8,4,0,0,1,
results_v6\stat_grid\block_damp005_rep2_seed44.json,block_damp005_rep2_seed44,smollm-135M,1.35e+08,21.3072,25.4617,1.19498,1.1761,-0.018879,0,0,4.2875,0,0,0.05,,0,128,0,1,0,0,,,,0,0,8,4,0,0,1,
results_v6\stat_grid\block_damp01_rep0_seed42.json,block_damp01_rep0_seed42,smollm-135M,1.35e+08,21.3072,24.9766,1.17222,1.1761,0.003885,1,0,4.2875,0,0,0.1,,0,128,0,1,0,0,,,,0,0,8,4,0,0,1,
results_v6\stat_grid\block_damp01_rep1_seed43.json,block_damp01_rep1_seed43,smollm-135M,1.35e+08,21.3072,25.3382,1.18918,1.1761,-0.013082,0,0,4.2875,0,0,0.1,,0,128,0,1,0,0,,,,0,0,8,4,0,0,1,
results_v6\stat_grid\block_damp01_rep2_seed44.json,block_damp01_rep2_seed44,smollm-135M,1.35e+08,21.3072,25.1878,1.18213,1.1761,-0.006028,0,0,4.2875,0,0,0.1,,0,128,0,1,0,0,,,,0,0,8,4,0,0,1,
results_v6\stat_grid\qwen2.5-0.5b\block_damp005_rep0_seed42.json,block_damp005_rep0_seed42,qwen2.5-0.5B,4.94e+08,14.9356,17.7271,1.1869,1.1407,-0.046204,0,0,4.2875,0,0,0.05,,0,128,0,1,0,0,,,,0,0,8,4,0,0,1,
results_v6\stat_grid\qwen2.5-0.5b\block_damp005_rep1_seed43.json,block_damp005_rep1_seed43,qwen2.5-0.5B,4.94e+08,14.9356,17.6,1.1784,1.1407,-0.037695,0,0,4.2875,0,0,0.05,,0,128,0,1,0,0,,,,0,0,8,4,0,0,1,
results_v6\stat_grid\qwen2.5-0.5b\block_damp005_rep2_seed44.json,block_damp005_rep2_seed44,qwen2.5-0.5B,4.94e+08,14.9356,17.849,1.19507,1.1407,-0.054365,0,0,4.2875,0,0,0.05,,0,128,0,1,0,0,,,,0,0,8,4,0,0,1,
results_v6\stat_grid\qwen2.5-0.5b\block_damp01_rep0_seed42.json,block_damp01_rep0_seed42,qwen2.5-0.5B,4.94e+08,14.9356,17.7049,1.18542,1.1407,-0.044716,0,0,4.2875,0,0,0.1,,0,128,0,1,0,0,,,,0,0,8,4,0,0,1,
results_v6\stat_grid\qwen2.5-0.5b\block_damp01_rep1_seed43.json,block_damp01_rep1_seed43,qwen2.5-0.5B,4.94e+08,14.9356,17.4802,1.17038,1.1407,-0.029676,0,0,4.2875,0,0,0.1,,0,128,0,1,0,0,,,,0,0,8,4,0,0,1,
results_v6\stat_grid\qwen2.5-0.5b\block_damp01_rep2_seed44.json,block_damp01_rep2_seed44,qwen2.5-0.5B,4.94e+08,14.9356,17.7315,1.1872,1.1407,-0.046498,0,0,4.2875,0,0,0.1,,0,128,0,1,0,0,,,,0,0,8,4,0,0,1,
results_v6\stat_grid\qwen2.5-0.5b\strict_damp004_rep0_seed42.json,strict_damp004_rep0_seed42,qwen2.5-0.5B,4.94e+08,14.9356,17.7824,1.19061,1.1407,-0.04991,0,0,4.2875,0,0,0.04,,0,128,0,1,0,0,,,,0,0,8,4,1,0,1,
results_v6\stat_grid\qwen2.5-0.5b\strict_damp004_rep1_seed43.json,strict_damp004_rep1_seed43,qwen2.5-0.5B,4.94e+08,14.9356,17.471,1.16976,1.1407,-0.02906,0,0,4.2875,0,0,0.04,,0,128,0,1,0,0,,,,0,0,8,4,1,0,1,
results_v6\stat_grid\qwen2.5-0.5b\strict_damp004_rep2_seed44.json,strict_damp004_rep2_seed44,qwen2.5-0.5B,4.94e+08,14.9356,17.8925,1.19798,1.1407,-0.057279,0,0,4.2875,0,0,0.04,,0,128,0,1,0,0,,,,0,0,8,4,1,0,1,
results_v6\stat_grid\qwen2.5-0.5b\strict_damp005_rep0_seed42.json,strict_damp005_rep0_seed42,qwen2.5-0.5B,4.94e+08,14.9356,17.5323,1.17386,1.1407,-0.033162,0,0,4.2875,0,0,0.05,,0,128,0,1,0,0,,,,0,0,8,4,1,0,1,
results_v6\stat_grid\qwen2.5-0.5b\strict_damp005_rep1_seed43.json,strict_damp005_rep1_seed43,qwen2.5-0.5B,4.94e+08,14.9356,17.4671,1.16949,1.1407,-0.028794,0,0,4.2875,0,0,0.05,,0,128,0,1,0,0,,,,0,0,8,4,1,0,1,
results_v6\stat_grid\qwen2.5-0.5b\strict_damp005_rep2_seed44.json,strict_damp005_rep2_seed44,qwen2.5-0.5B,4.94e+08,14.9356,17.8769,1.19693,1.1407,-0.056234,0,0,4.2875,0,0,0.05,,0,128,0,1,0,0,,,,0,0,8,4,1,0,1,
results_v6\stat_grid\qwen2.5-0.5b\strict_damp005_rep3_seed45.json,strict_damp005_rep3_seed45,qwen2.5-0.5B,4.94e+08,14.9356,17.6305,1.18044,1.1407,-0.039738,0,0,4.2875,0,0,0.05,,0,128,0,1,0,0,,,,0,0,8,4,1,0,1,
results_v6\stat_grid\qwen2.5-0.5b\strict_damp006_rep0_seed42.json,strict_damp006_rep0_seed42,qwen2.5-0.5B,4.94e+08,14.9356,17.51,1.17237,1.1407,-0.031669,0,0,4.2875,0,0,0.06,,0,128,0,1,0,0,,,,0,0,8,4,1,0,1,
results_v6\stat_grid\qwen2.5-0.5b\strict_damp006_rep1_seed43.json,strict_damp006_rep1_seed43,qwen2.5-0.5B,4.94e+08,14.9356,17.4656,1.1694,1.1407,-0.028696,0,0,4.2875,0,0,0.06,,0,128,0,1,0,0,,,,0,0,8,4,1,0,1,
results_v6\stat_grid\qwen2.5-0.5b\strict_damp006_rep2_seed44.json,strict_damp006_rep2_seed44,qwen2.5-0.5B,4.94e+08,14.9356,17.8368,1.19425,1.1407,-0.053551,0,0,4.2875,0,0,0.06,,0,128,0,1,0,0,,,,0,0,8,4,1,0,1,
results_v6\stat_grid\strict_damp004_rep0_seed42.json,strict_damp004_rep0_seed42,smollm-135M,1.35e+08,21.3072,25.415,1.19279,1.1761,-0.01669,0,0,4.2875,0,0,0.04,,0,128,0,1,0,0,,,,0,0,8,4,1,0,1,
results_v6\stat_grid\strict_damp004_rep1_seed43.json,strict_damp004_rep1_seed43,smollm-135M,1.35e+08,21.3072,25.4388,1.19391,1.1761,-0.017806,0,0,4.2875,0,0,0.04,,0,128,0,1,0,0,,,,0,0,8,4,1,0,1,
results_v6\stat_grid\strict_damp004_rep2_seed44.json,strict_damp004_rep2_seed44,smollm-135M,1.35e+08,21.3072,25.368,1.19059,1.1761,-0.014485,0,0,4.2875,0,0,0.04,,0,128,0,1,0,0,,,,0,0,8,4,1,0,1,
results_v6\stat_grid\strict_damp005_rep0_seed42.json,strict_damp005_rep0_seed42,smollm-135M,1.35e+08,21.3072,24.9779,1.17228,1.1761,0.003824,1,0,4.2875,0,0,0.05,,0,128,0,1,0,0,,,,0,0,8,4,1,0,1,
results_v6\stat_grid\strict_damp005_rep1_seed43.json,strict_damp005_rep1_seed43,smollm-135M,1.35e+08,21.3072,25.1069,1.17833,1.1761,-0.002228,0,0,4.2875,0,0,0.05,,0,128,0,1,0,0,,,,0,0,8,4,1,0,1,
results_v6\stat_grid\strict_damp005_rep2_seed44.json,strict_damp005_rep2_seed44,smollm-135M,1.35e+08,21.3072,25.0072,1.17365,1.1761,0.00245,1,0,4.2875,0,0,0.05,,0,128,0,1,0,0,,,,0,0,8,4,1,0,1,
results_v6\stat_grid\strict_damp005_rep3_seed45.json,strict_damp005_rep3_seed45,smollm-135M,1.35e+08,21.3072,25.418,1.19293,1.1761,-0.016828,0,0,4.2875,0,0,0.05,,0,128,0,1,0,0,,,,0,0,8,4,1,0,1,
results_v6\stat_grid\strict_damp006_rep0_seed42.json,strict_damp006_rep0_seed42,smollm-135M,1.35e+08,21.3072,25.0424,1.1753,1.1761,0.000798,1,0,4.2875,0,0,0.06,,0,128,0,1,0,0,,,,0,0,8,4,1,0,1,
results_v6\stat_grid\strict_damp006_rep1_seed43.json,strict_damp006_rep1_seed43,smollm-135M,1.35e+08,21.3072,25.3187,1.18827,1.1761,-0.012169,0,0,4.2875,0,0,0.06,,0,128,0,1,0,0,,,,0,0,8,4,1,0,1,
results_v6\stat_grid\strict_damp006_rep2_seed44.json,strict_damp006_rep2_seed44,smollm-135M,1.35e+08,21.3072,25.0762,1.17689,1.1761,-0.000789,0,0,4.2875,0,0,0.06,,0,128,0,1,0,0,,,,0,0,8,4,1,0,1,
results_v6\stat_grid\tinyllama-1.1b\block_damp005_rep0_seed42.json,block_damp005_rep0_seed42,tinyllama-1.1B,1.1e+09,9.4244,10.0749,1.06902,1.0807,0.011676,1,0,4.2875,0,0,0.05,,0,128,0,1,0,0,,,,0,0,8,4,0,0,1,
results_v6\stat_grid\tinyllama-1.1b\block_damp005_rep1_seed43.json,block_damp005_rep1_seed43,tinyllama-1.1B,1.1e+09,9.4244,9.9734,1.05824,1.0807,0.022456,1,0,4.2875,0,0,0.05,,0,128,0,1,0,0,,,,0,0,8,4,0,0,1,
results_v6\stat_grid\tinyllama-1.1b\block_damp005_rep2_seed44.json,block_damp005_rep2_seed44,tinyllama-1.1B,1.1e+09,9.4244,10.0764,1.06918,1.0807,0.011517,1,0,4.2875,0,0,0.05,,0,128,0,1,0,0,,,,0,0,8,4,0,0,1,
results_v6\stat_grid\tinyllama-1.1b\block_damp01_rep0_seed42.json,block_damp01_rep0_seed42,tinyllama-1.1B,1.1e+09,9.4244,9.9756,1.05848,1.0807,0.022215,1,0,4.2875,0,0,0.1,,0,128,0,1,0,0,,,,0,0,8,4,0,0,1,
results_v6\stat_grid\tinyllama-1.1b\block_damp01_rep1_seed43.json,block_damp01_rep1_seed43,tinyllama-1.1B,1.1e+09,9.4244,9.9707,1.05796,1.0807,0.022737,1,0,4.2875,0,0,0.1,,0,128,0,1,0,0,,,,0,0,8,4,0,0,1,
results_v6\stat_grid\tinyllama-1.1b\block_damp01_rep2_seed44.json,block_damp01_rep2_seed44,tinyllama-1.1B,1.1e+09,9.4244,9.9831,1.05928,1.0807,0.021418,1,0,4.2875,0,0,0.1,,0,128,0,1,0,0,,,,0,0,8,4,0,0,1,
results_v6\stat_grid\tinyllama-1.1b\strict_damp004_rep0_seed42.json,strict_damp004_rep0_seed42,tinyllama-1.1B,1.1e+09,9.4244,10.0491,1.06628,1.0807,0.014415,1,0,4.2875,0,0,0.04,,0,128,0,1,0,0,,,,0,0,8,4,1,0,1,
results_v6\stat_grid\tinyllama-1.1b\strict_damp004_rep1_seed43.json,strict_damp004_rep1_seed43,tinyllama-1.1B,1.1e+09,9.4244,10.004,1.06149,1.0807,0.019207,1,0,4.2875,0,0,0.04,,0,128,0,1,0,0,,,,0,0,8,4,1,0,1,
results_v6\stat_grid\tinyllama-1.1b\strict_damp004_rep2_seed44.json,strict_damp004_rep2_seed44,tinyllama-1.1B,1.1e+09,9.4244,10.0853,1.07012,1.0807,0.010579,1,0,4.2875,0,0,0.04,,0,128,0,1,0,0,,,,0,0,8,4,1,0,1,
results_v6\stat_grid\tinyllama-1.1b\strict_damp005_rep0_seed42.json,strict_damp005_rep0_seed42,tinyllama-1.1B,1.1e+09,9.4244,10.0385,1.06515,1.0807,0.015546,1,0,4.2875,0,0,0.05,,0,128,0,1,0,0,,,,0,0,8,4,1,0,1,
results_v6\stat_grid\tinyllama-1.1b\strict_damp005_rep1_seed43.json,strict_damp005_rep1_seed43,tinyllama-1.1B,1.1e+09,9.4244,9.9668,1.05754,1.0807,0.023156,1,0,4.2875,0,0,0.05,,0,128,0,1,0,0,,,,0,0,8,4,1,0,1,
results_v6\stat_grid\tinyllama-1.1b\strict_damp005_rep2_seed44.json,strict_damp005_rep2_seed44,tinyllama-1.1B,1.1e+09,9.4244,10.0757,1.0691,1.0807,0.011601,1,0,4.2875,0,0,0.05,,0,128,0,1,0,0,,,,0,0,8,4,1,0,1,
results_v6\stat_grid\tinyllama-1.1b\strict_damp005_rep3_seed45.json,strict_damp005_rep3_seed45,tinyllama-1.1B,1.1e+09,9.4244,10.05,1.06638,1.0807,0.01432,1,0,4.2875,0,0,0.05,,0,128,0,1,0,0,,,,0,0,8,4,1,0,1,
results_v6\stat_grid\tinyllama-1.1b\strict_damp006_rep0_seed42.json,strict_damp006_rep0_seed42,tinyllama-1.1B,1.1e+09,9.4244,10.0212,1.06333,1.0807,0.017375,1,0,4.2875,0,0,0.06,,0,128,0,1,0,0,,,,0,0,8,4,1,0,1,
results_v6\stat_grid\tinyllama-1.1b\strict_damp006_rep1_seed43.json,strict_damp006_rep1_seed43,tinyllama-1.1B,1.1e+09,9.4244,9.9986,1.06093,1.0807,0.019773,1,0,4.2875,0,0,0.06,,0,128,0,1,0,0,,,,0,0,8,4,1,0,1,
results_v6\stat_grid\tinyllama-1.1b\strict_damp006_rep2_seed44.json,strict_damp006_rep2_seed44,tinyllama-1.1B,1.1e+09,9.4244,9.9925,1.06028,1.0807,0.020422,1,0,4.2875,0,0,0.06,,0,128,0,1,0,0,,,,0,0,8,4,1,0,1,
results_v6\variance_diag\strict_damp005_seed42_run0.json,strict_damp005_seed42_run0,smollm-135M,1.35e+08,21.3072,24.9779,1.17228,1.1761,0.003824,1,0,4.2875,0,0,0.05,,0,128,0,1,0,0,,,,0,0,8,4,1,0,1,
results_v6\variance_diag\strict_damp005_seed42_run1.json,strict_damp005_seed42_run1,smollm-135M,1.35e+08,21.3072,24.9779,1.17228,1.1761,0.003824,1,0,4.2875,0,0,0.05,,0,128,0,1,0,0,,,,0,0,8,4,1,0,1,
results_v6\variance_diag\strict_damp005_seed42_run2.json,strict_damp005_seed42_run2,smollm-135M,1.35e+08,21.3072,24.9779,1.17228,1.1761,0.003824,1,0,4.2875,0,0,0.05,,0,128,0,1,0,0,,,,0,0,8,4,1,0,1,
results_v6\whitening_test\qwen2.5-0.5b_baseline_seed42.json,qwen2.5-0.5b_baseline_seed42,qwen2.5-0.5B,4.94e+08,14.9356,17.51,1.17237,1.1407,-0.031669,0,0,4.2875,0,0,0.06,,0,128,0,1,0,0,,,5,0,0,8,4,1,0,1,0
results_v6\whitening_test\qwen2.5-0.5b_baseline_seed43.json,qwen2.5-0.5b_baseline_seed43,qwen2.5-0.5B,4.94e+08,14.9356,17.4656,1.1694,1.1407,-0.028696,0,0,4.2875,0,0,0.06,,0,128,0,1,0,0,,,5,0,0,8,4,1,0,1,0
results_v6\whitening_test\qwen2.5-0.5b_baseline_seed44.json,qwen2.5-0.5b_baseline_seed44,qwen2.5-0.5B,4.94e+08,14.9356,17.8368,1.19425,1.1407,-0.053551,0,0,4.2875,0,0,0.06,,0,128,0,1,0,0,,,5,0,0,8,4,1,0,1,0
results_v6\whitening_test\qwen2.5-0.5b_whitened_seed42.json,qwen2.5-0.5b_whitened_seed42,qwen2.5-0.5B,4.94e+08,14.9356,18.4139,1.23289,1.1407,-0.092189,0,0,4.2875,0,0,0.06,,0,128,0,1,0,0,,,5,0,0,8,4,1,0,1,1
results_v6\whitening_test\qwen2.5-0.5b_whitened_seed43.json,qwen2.5-0.5b_whitened_seed43,qwen2.5-0.5B,4.94e+08,14.9356,17.9308,1.20054,1.1407,-0.059841,0,0,4.2875,0,0,0.06,,0,128,0,1,0,0,,,5,0,0,8,4,1,0,1,1
results_v6\whitening_test\qwen2.5-0.5b_whitened_seed44.json,qwen2.5-0.5b_whitened_seed44,qwen2.5-0.5B,4.94e+08,14.9356,18.0856,1.21091,1.1407,-0.070207,0,0,4.2875,0,0,0.06,,0,128,0,1,0,0,,,5,0,0,8,4,1,0,1,1
results_v6\whitening_test\smollm-135m_baseline_seed42.json,smollm-135m_baseline_seed42,smollm-135M,1.35e+08,21.3072,24.9779,1.17228,1.1761,0.003824,1,0,4.2875,0,0,0.05,,0,128,0,1,0,0,,,5,0,0,8,4,1,0,1,0
results_v6\whitening_test\smollm-135m_baseline_seed43.json,smollm-135m_baseline_seed43,smollm-135M,1.35e+08,21.3072,25.1069,1.17833,1.1761,-0.002228,0,0,4.2875,0,0,0.05,,0,128,0,1,0,0,,,5,0,0,8,4,1,0,1,0
results_v6\whitening_test\smollm-135m_baseline_seed44.json,smollm-135m_baseline_seed44,smollm-135M,1.35e+08,21.3072,25.0072,1.17365,1.1761,0.00245,1,0,4.2875,0,0,0.05,,0,128,0,1,0,0,,,5,0,0,8,4,1,0,1,0
results_v6\whitening_test\smollm-135m_whitened_seed42.json,smollm-135m_whitened_seed42,smollm-135M,1.35e+08,21.3072,25.1243,1.17915,1.1761,-0.003047,0,0,4.2875,0,0,0.05,,0,128,0,1,0,0,,,5,0,0,8,4,1,0,1,1
results_v6\whitening_test\smollm-135m_whitened_seed43.json,smollm-135m_whitened_seed43,smollm-135M,1.35e+08,21.3072,25.1847,1.18198,1.1761,-0.005881,0,0,4.2875,0,0,0.05,,0,128,0,1,0,0,,,5,0,0,8,4,1,0,1,1
results_v6\whitening_test\smollm-135m_whitened_seed44.json,smollm-135m_whitened_seed44,smollm-135M,1.35e+08,21.3072,25.2046,1.18292,1.1761,-0.006816,0,0,4.2875,0,0,0.05,,0,128,0,1,0,0,,,5,0,0,8,4,1,0,1,1
results_v6\whitening_test\tinyllama-1.1b_baseline_seed42.json,tinyllama-1.1b_baseline_seed42,tinyllama-1.1B,1.1e+09,9.4244,9.9756,1.05848,1.0807,0.022215,1,0,4.2875,0,0,0.1,,0,128,0,1,0,0,,,5,0,0,8,4,0,0,1,0
results_v6\whitening_test\tinyllama-1.1b_baseline_seed43.json,tinyllama-1.1b_baseline_seed43,tinyllama-1.1B,1.1e+09,9.4244,9.9707,1.05796,1.0807,0.022737,1,0,4.2875,0,0,0.1,,0,128,0,1,0,0,,,5,0,0,8,4,0,0,1,0
results_v6\whitening_test\tinyllama-1.1b_baseline_seed44.json,tinyllama-1.1b_baseline_seed44,tinyllama-1.1B,1.1e+09,9.4244,9.9831,1.05928,1.0807,0.021418,1,0,4.2875,0,0,0.1,,0,128,0,1,0,0,,,5,0,0,8,4,0,0,1,0
results_v6\whitening_test\tinyllama-1.1b_whitened_seed42.json,tinyllama-1.1b_whitened_seed42,tinyllama-1.1B,1.1e+09,9.4244,10.0513,1.06652,1.0807,0.014183,1,0,4.2875,0,0,0.1,,0,128,0,1,0,0,,,5,0,0,8,4,0,0,1,1
results_v6\whitening_test\tinyllama-1.1b_whitened_seed43.json,tinyllama-1.1b_whitened_seed43,tinyllama-1.1B,1.1e+09,9.4244,10.0486,1.06623,1.0807,0.014468,1,0,4.2875,0,0,0.1,,0,128,0,1,0,0,,,5,0,0,8,4,0,0,1,1
results_v6\whitening_test\tinyllama-1.1b_whitened_seed44.json,tinyllama-1.1b_whitened_seed44,tinyllama-1.1B,1.1e+09,9.4244,10.0651,1.06798,1.0807,0.012718,1,0,4.2875,0,0,0.1,,0,128,0,1,0,0,,,5,0,0,8,4,0,0,1,1
